insert into employee(name,email_address)
values('Soumitra','soumitra@email.com');
insert into employee(name,email_address)
values('Liton','liton@email.com');
insert into employee(name,email_address)
values('Suman','suman@email.com');
insert into employee(name,email_address)
values('Debabrata','debabrata@email.com');

-- insert into tracking_plan(id, name) values( 1, 'TP1');
--
-- insert into event(id, name, tracking_plan_id) values( 10, 'E1', 1);
-- insert into property(id, name) values( 10, 'P10');
-- insert into property(id, name) values( 11, 'P11');
-- insert into property(id, name) values( 12, 'P12');
-- insert into property(id, name) values( 13, 'P13');
-- insert into property(id, name) values( 14, 'P14');
-- insert into property(id, name) values( 15, 'P15');
-- insert into property(id, name) values( 16, 'P16');
-- insert into property(id, name) values( 17, 'P17');
-- insert into property(id, name) values( 18, 'P18');
-- insert into property(id, name) values( 19, 'P19');
-- insert into event_property(event_id, property_id) values(10, 10);
-- insert into event_property(event_id, property_id) values(10, 11);
-- insert into event_property(event_id, property_id) values(10, 12);
-- insert into event_property(event_id, property_id) values(10, 13);
-- insert into event_property(event_id, property_id) values(10, 14);
-- insert into event_property(event_id, property_id) values(10, 15);
-- insert into event_property(event_id, property_id) values(10, 16);
-- insert into event_property(event_id, property_id) values(10, 17);
-- insert into event_property(event_id, property_id) values(10, 18);
-- insert into event_property(event_id, property_id) values(10, 19);
-- insert into event(id, name, tracking_plan_id) values( 20, 'E2', 1);
-- insert into property(id, name) values( 20, 'P20');
-- insert into property(id, name) values( 21, 'P21');
-- insert into property(id, name) values( 22, 'P22');
-- insert into property(id, name) values( 23, 'P23');
-- insert into property(id, name) values( 24, 'P24');
-- insert into property(id, name) values( 25, 'P25');
-- insert into property(id, name) values( 26, 'P26');
-- insert into property(id, name) values( 27, 'P27');
-- insert into property(id, name) values( 28, 'P28');
-- insert into property(id, name) values( 29, 'P29');
-- insert into event_property(event_id, property_id) values(20, 20);
-- insert into event_property(event_id, property_id) values(20, 21);
-- insert into event_property(event_id, property_id) values(20, 22);
-- insert into event_property(event_id, property_id) values(20, 23);
-- insert into event_property(event_id, property_id) values(20, 24);
-- insert into event_property(event_id, property_id) values(20, 25);
-- insert into event_property(event_id, property_id) values(20, 26);
-- insert into event_property(event_id, property_id) values(20, 27);
-- insert into event_property(event_id, property_id) values(20, 28);
-- insert into event_property(event_id, property_id) values(20, 29);
-- insert into event(id, name, tracking_plan_id) values( 30, 'E3', 1);
-- insert into property(id, name) values( 30, 'P30');
-- insert into property(id, name) values( 31, 'P31');
-- insert into property(id, name) values( 32, 'P32');
-- insert into property(id, name) values( 33, 'P33');
-- insert into property(id, name) values( 34, 'P34');
-- insert into property(id, name) values( 35, 'P35');
-- insert into property(id, name) values( 36, 'P36');
-- insert into property(id, name) values( 37, 'P37');
-- insert into property(id, name) values( 38, 'P38');
-- insert into property(id, name) values( 39, 'P39');
-- insert into event_property(event_id, property_id) values(30, 30);
-- insert into event_property(event_id, property_id) values(30, 31);
-- insert into event_property(event_id, property_id) values(30, 32);
-- insert into event_property(event_id, property_id) values(30, 33);
-- insert into event_property(event_id, property_id) values(30, 34);
-- insert into event_property(event_id, property_id) values(30, 35);
-- insert into event_property(event_id, property_id) values(30, 36);
-- insert into event_property(event_id, property_id) values(30, 37);
-- insert into event_property(event_id, property_id) values(30, 38);
-- insert into event_property(event_id, property_id) values(30, 39);
-- insert into event(id, name, tracking_plan_id) values( 40, 'E4', 1);
-- insert into property(id, name) values( 40, 'P40');
-- insert into property(id, name) values( 41, 'P41');
-- insert into property(id, name) values( 42, 'P42');
-- insert into property(id, name) values( 43, 'P43');
-- insert into property(id, name) values( 44, 'P44');
-- insert into property(id, name) values( 45, 'P45');
-- insert into property(id, name) values( 46, 'P46');
-- insert into property(id, name) values( 47, 'P47');
-- insert into property(id, name) values( 48, 'P48');
-- insert into property(id, name) values( 49, 'P49');
-- insert into event_property(event_id, property_id) values(40, 40);
-- insert into event_property(event_id, property_id) values(40, 41);
-- insert into event_property(event_id, property_id) values(40, 42);
-- insert into event_property(event_id, property_id) values(40, 43);
-- insert into event_property(event_id, property_id) values(40, 44);
-- insert into event_property(event_id, property_id) values(40, 45);
-- insert into event_property(event_id, property_id) values(40, 46);
-- insert into event_property(event_id, property_id) values(40, 47);
-- insert into event_property(event_id, property_id) values(40, 48);
-- insert into event_property(event_id, property_id) values(40, 49);
-- insert into event(id, name, tracking_plan_id) values( 50, 'E5', 1);
-- insert into property(id, name) values( 50, 'P50');
-- insert into property(id, name) values( 51, 'P51');
-- insert into property(id, name) values( 52, 'P52');
-- insert into property(id, name) values( 53, 'P53');
-- insert into property(id, name) values( 54, 'P54');
-- insert into property(id, name) values( 55, 'P55');
-- insert into property(id, name) values( 56, 'P56');
-- insert into property(id, name) values( 57, 'P57');
-- insert into property(id, name) values( 58, 'P58');
-- insert into property(id, name) values( 59, 'P59');
-- insert into event_property(event_id, property_id) values(50, 50);
-- insert into event_property(event_id, property_id) values(50, 51);
-- insert into event_property(event_id, property_id) values(50, 52);
-- insert into event_property(event_id, property_id) values(50, 53);
-- insert into event_property(event_id, property_id) values(50, 54);
-- insert into event_property(event_id, property_id) values(50, 55);
-- insert into event_property(event_id, property_id) values(50, 56);
-- insert into event_property(event_id, property_id) values(50, 57);
-- insert into event_property(event_id, property_id) values(50, 58);
-- insert into event_property(event_id, property_id) values(50, 59);

delete from event_property;
delete from property;
delete from event;
delete from tracking_plan;
insert into tracking_plan(id, name) values(1, 'tracking plan 1');
insert into property(id, name) values(1, 'property 1');
insert into property(id, name) values(2, 'property 2');
insert into property(id, name) values(3, 'property 3');
insert into property(id, name) values(4, 'property 4');
insert into property(id, name) values(5, 'property 5');
insert into property(id, name) values(6, 'property 6');
insert into event(id, name) values(1, 'event 1');
insert into event(id, name) values(2, 'event 2');
insert into event_property(event_id, property_id) values(1, 1);
insert into event_property(event_id, property_id) values(1, 2);
insert into event_property(event_id, property_id) values(1, 3);
insert into event_property(event_id, property_id) values(1, 4);
insert into event_property(event_id, property_id) values(2, 4);
insert into event_property(event_id, property_id) values(2, 5);
insert into event_property(event_id, property_id) values(2, 6);